Date,Open,High,Low,Close,Adj Close,Volume
04-02-2021,121029.9609,123074.3984,113914.4844,116395.8984,116395.8984,3.24037E+12
05-02-2021,116398.1328,127923.8438,116398.1328,125097.6719,125097.6719,2.91944E+12
06-02-2021,125035.5625,126528.9531,120032.9063,122127.6172,122127.6172,2.90232E+12
07-02-2021,122110.0625,123014.8984,109309.8516,117507.7891,117507.7891,2.90375E+12
08-02-2021,117465.1641,129071.7422,114447.5469,127381.0313,127381.0313,3.50154E+12
09-02-2021,127403.5859,132354.6719,124772.875,128811.6875,128811.6875,3.21882E+12
10-02-2021,128812.0313,133073.9375,122843.8906,126994.0859,126994.0859,3.05181E+12
11-02-2021,126955.5547,131445.75,124443.5313,129699.5,129699.5,2.61911E+12
12-02-2021,129677.0547,135115.5313,126961.5625,133823.7813,133823.7813,2.75156E+12
13-02-2021,133856.75,135861.4844,128530.5938,131688.1406,131688.1406,2.56678E+12
14-02-2021,131707.1875,134159.4375,129931.75,131040.1641,131040.1641,2.28232E+12
15-02-2021,131010.5938,133202.2031,122187.625,129282.1484,129282.1484,2.82969E+12
16-02-2021,129220.7422,132503.4688,126026.6406,129902.6016,129902.6016,2.49945E+12
17-02-2021,129923.2109,134914.0469,126573.7188,134556.3906,134556.3906,2.61733E+12
18-02-2021,134538.0469,141534.3125,134538.0469,140669.75,140669.75,2.05154E+12
19-02-2021,140772.1719,142857.3438,137688.4219,142212.5938,142212.5938,1.90584E+12
20-02-2021,142193.6094,147735.3281,132807.5313,139301.5469,139301.5469,2.51791E+12
21-02-2021,139239.0625,143241.0156,137184.9531,140451.7813,140451.7813,1.7144E+12
22-02-2021,140448.6563,140513.6563,114628.6172,129119.9141,129119.9141,3.07292E+12
23-02-2021,129077.6016,129077.6016,99823.9375,113655.0625,113655.0625,3.76604E+12
24-02-2021,113747.1719,123927.4063,109371.5547,117757.3281,117757.3281,2.26809E+12
25-02-2021,117671.7734,121312.2969,107171.1094,107949.7969,107949.7969,1.79087E+12
26-02-2021,108165.5547,115323.9531,103002.6875,106422.8672,106422.8672,2.31358E+12
27-02-2021,106488.7969,112229.5391,105521.5547,107448.7656,107448.7656,1.52654E+12
28-02-2021,107440.4688,108068.3281,95710.0625,104354.0156,104354.0156,2.03668E+12
01-03-2021,104435.2422,114929.7266,104381.0859,114710.75,114710.75,1.76188E+12
02-03-2021,114663.5234,117123.2734,107046.0391,109375.0156,109375.0156,1.65048E+12
03-03-2021,109290.1875,120176.6875,108590.7188,115037.3594,115037.3594,1.65526E+12
04-03-2021,114947.6172,118435.8672,110593.3594,112765.5859,112765.5859,1.6752E+12
05-03-2021,112738.3359,113275.1172,105795.3672,112206.4453,112206.4453,1.54171E+12
06-03-2021,112140.4219,122146.7188,111172.1094,121095.4766,121095.4766,1.66459E+12
07-03-2021,121143.1016,126674.6563,119765.2578,126105.9922,126105.9922,1.74249E+12
08-03-2021,126184.6953,134605.5625,122218.5469,134541.7813,134541.7813,2.0262E+12
09-03-2021,134572.5938,135949.2188,131718.4063,135949.2188,135949.2188,1.70742E+12
10-03-2021,135981.25,136437.5156,128816.8984,130810.4453,130810.4453,1.82886E+12
11-03-2021,130728.125,133931.4063,126084.0391,132653.4375,132653.4375,1.7443E+12
12-03-2021,132678.9844,133619.7031,125721.8125,128812.7969,128812.7969,1.63084E+12
13-03-2021,128817.4453,140846,126016.9844,139903.9375,139903.9375,1.8183E+12
14-03-2021,139844.2188,140346.9375,134122.6719,134808.9531,134808.9531,1.40617E+12
15-03-2021,134774.2188,137382.3594,126789.5859,129926.2813,129926.2813,1.90315E+12
16-03-2021,129977.8672,131872.2344,124815.0547,131033.8984,131033.8984,1.72794E+12
17-03-2021,131040.0234,132916.7031,126998.3125,132327.8125,132327.8125,1.7789E+12
18-03-2021,132306.6875,133757.8594,123998.2109,129560.5234,129560.5234,1.69059E+12
19-03-2021,129539.7109,133433.5156,126917.0078,131672.4219,131672.4219,1.53934E+12
20-03-2021,131665.0781,135807.7656,131245.3438,131310.9688,131310.9688,1.64282E+12
21-03-2021,131308.9375,132087.4375,127797.8672,129489.2656,129489.2656,1.66385E+12
22-03-2021,129499.7813,131095.7188,121188.7578,122420.0234,122420.0234,1.70813E+12
23-03-2021,122386.5703,125149.1328,120205.7734,121890.8984,121890.8984,1.59735E+12
24-03-2021,121843.875,126360.4922,114119.7813,115754.8828,115754.8828,2.26859E+12
25-03-2021,115733.7969,118000.8594,113312.5391,115843.8906,115843.8906,2.153E+12
26-03-2021,115833.0625,123372.3203,115799.3359,123366.4688,123366.4688,1.63358E+12
27-03-2021,123380.5313,125538.6094,121300.0781,124355.5625,124355.5625,1.31146E+12
28-03-2021,124349.1172,125231.4141,121250.0938,122534.4219,122534.4219,1.20259E+12
29-03-2021,122527.6953,133539.4844,121983.5078,132367.7813,132367.7813,1.65827E+12
30-03-2021,132351.875,136638.25,130532.9609,135582.9531,135582.9531,1.65346E+12
31-03-2021,135587.7031,142585.625,131761.0156,140431.2813,140431.2813,2.21272E+12
01-04-2021,140489.5,145766.8125,140117.0781,144909.7656,144909.7656,2.26563E+12
02-04-2021,144884.5469,157938.6406,143693.7344,157261.6406,157261.6406,2.55808E+12
03-04-2021,157237.4531,157389.0781,148837.8281,148837.8281,148837.8281,2.34888E+12
04-04-2021,148782.7188,154849.6094,147274.1406,153585.5156,153585.5156,1.90826E+12
05-04-2021,153595.6406,156764.6719,149213,154465.4375,154465.4375,2.11701E+12
06-04-2021,154583.125,157603.2344,151186.125,155660.7031,155660.7031,2.14733E+12
07-04-2021,155612.9219,156741.6094,144774.4531,146651.4063,146651.4063,2.68711E+12
08-04-2021,146506.7656,155911.5469,145758.75,155692.1719,155692.1719,1.88695E+12
09-04-2021,155706.9844,157270.2813,153558.1719,154848.0781,154848.0781,1.48058E+12
10-04-2021,154773.5469,164180.875,154151.5,159618.3125,159618.3125,1.86721E+12
11-04-2021,159634.375,161804.1094,158416.9219,161241.1563,161241.1563,1.47164E+12
12-04-2021,161219.0781,164762.3281,158231.25,160432.7969,160432.7969,1.62941E+12
13-04-2021,160433.625,174416.4844,160373.2813,172856.9688,172856.9688,2.2146E+12
14-04-2021,172869,183790.8906,171762.0781,182697.0469,182697.0469,2.6704E+12
15-04-2021,182766.7969,190126.3281,180828.6563,188247.6406,188247.6406,2.41562E+12
16-04-2021,188059.75,190320.8438,172720.3281,181334.2031,181334.2031,2.69897E+12
17-04-2021,181187.6406,186213.5313,173953.8438,174821.0625,174821.0625,2.4118E+12
18-04-2021,174937.1719,176354.2969,149985.0625,166808.6563,166808.6563,3.7801E+12
19-04-2021,166875.4531,170169.7188,156251.1406,162200.875,162200.875,2.55041E+12
20-04-2021,161882.6875,176990.3281,153966.2969,175813.1406,175813.1406,2.97523E+12
21-04-2021,175884.7656,186091.2031,168849.2969,178373.6094,178373.6094,2.93416E+12
22-04-2021,177854.5938,198361.8438,173903.2188,180485.9063,180485.9063,4.02311E+12
23-04-2021,180314.7656,183190.0625,158675.875,176957.6875,176957.6875,4.14875E+12
24-04-2021,177228.1875,177268.75,161994.1875,165582.875,165582.875,2.3849E+12
25-04-2021,165791.6094,176248.8125,162747.6563,173399.5938,173399.5938,2.38189E+12
26-04-2021,173655.5156,189756.4688,172819.9531,189617.6563,189617.6563,2.63412E+12
27-04-2021,189583.9375,199608.7344,185852.6094,198583.8438,198583.8438,2.40699E+12
28-04-2021,198719.5938,204908.6875,190866.5,204089.1563,204089.1563,2.5466E+12
29-04-2021,204257.8125,207176.8594,197950.7031,204301.2656,204301.2656,2.41424E+12
30-04-2021,204364.7813,207082.8125,202174.4844,205482.1875,205482.1875,2.20636E+12
01-05-2021,205454.8438,218688.5,204200.4219,218277.4063,218277.4063,2.12848E+12
02-05-2021,218252.7656,221221.625,211952.125,218732.7656,218732.7656,2.07703E+12
03-05-2021,218667.5469,254742.6875,218667.5469,253343.3438,253343.3438,3.63091E+12
04-05-2021,253346.7031,260008.4063,234748.6563,240050.0156,240050.0156,4.60397E+12
05-05-2021,239085.3594,261357.2656,237059.8906,259976.625,259976.625,3.567E+12
06-05-2021,260135.125,264818.25,250144.0625,256982.7344,256982.7344,3.26119E+12
07-05-2021,256925.6719,261899.3594,248152.4063,255397.5156,255397.5156,2.90283E+12
08-05-2021,255196.6563,289531.2813,253128.4219,286048.4688,286048.4688,3.68008E+12
09-05-2021,286694.5938,291810.375,274419.4375,287947.1875,287947.1875,3.70618E+12
10-05-2021,287622.4063,308060.9688,270663.5,290494.5938,290494.5938,4.60786E+12
11-05-2021,290198.9688,306577.5313,278087.5313,305879.9063,305879.9063,3.86539E+12
12-05-2021,306315.375,320594.9688,278948.3125,278948.3125,278948.3125,5.08577E+12
13-05-2021,282121.7813,296930.5938,260844.1719,272860.375,272860.375,5.75798E+12
14-05-2021,273225.6875,305659.9063,271997.5,298909.6563,298909.6563,3.53017E+12
15-05-2021,298682.0625,302583,266598.3125,266598.3125,266598.3125,3.10867E+12
16-05-2021,266870.0625,284242,245554.7188,262889.4063,262889.4063,3.47046E+12
17-05-2021,262437.7813,262908.8125,229475.0938,240501.125,240501.125,3.9611E+12
18-05-2021,240096.2656,260059.9531,237863.8594,247179.2656,247179.2656,2.9556E+12
19-05-2021,247368.4531,251404.0156,142973.8906,180179.1719,180179.1719,6.18612E+12
20-05-2021,178638.5156,218737.5938,158911.875,203315.1406,203315.1406,4.93709E+12
21-05-2021,202442.3281,214497.7813,154097.6719,177229.7344,177229.7344,3.92096E+12
22-05-2021,177622.9844,181120.625,158089.6563,167392.2969,167392.2969,3.069E+12
23-05-2021,167586.3594,173860.3281,126688.2266,153809.5781,153809.5781,4.08338E+12
24-05-2021,153106.4375,194678.2813,152429.4688,192550.8281,192550.8281,3.91113E+12
25-05-2021,192947.2344,200341.1406,174236.0625,197056.5469,197056.5469,3.6081E+12
26-05-2021,197087.3906,211624.7813,193086.1563,209929.6875,209929.6875,3.08857E+12
27-05-2021,209933.5781,209933.5781,192303.9219,198898.5156,198898.5156,2.42572E+12
28-05-2021,199333.2031,200705.1406,169137.8281,175185.9688,175185.9688,2.89568E+12
29-05-2021,174763.25,185830.1875,159880.8281,165022.4688,165022.4688,2.445E+12
30-05-2021,164933.75,178970.8281,158457.8281,173043.1719,173043.1719,1.87331E+12
31-05-2021,172818.2656,196865.4219,165041.875,196799.4688,196799.4688,2.24765E+12
01-06-2021,196264.1719,198597.125,184453.7813,191865.6563,191865.6563,1.99355E+12
02-06-2021,191933.9688,204379.9531,186175.1875,197442.8281,197442.8281,2.02273E+12
03-06-2021,197607.0781,210709.1875,194780.9688,208550.5938,208550.5938,2.19412E+12
04-06-2021,208699.5313,208699.5313,187072.2656,195995.8906,195995.8906,2.49161E+12
05-06-2021,196245.5781,205422.4063,186520.4375,191794.9531,191794.9531,2.22351E+12
06-06-2021,191734.5781,200023.875,190744.0156,197957.2656,197957.2656,1.84547E+12
07-06-2021,197808.1406,207195.3438,188139.7813,188596.1563,188596.1563,2.22798E+12
08-06-2021,188912.0781,190822.8906,168876.5313,183711.4688,183711.4688,3.05839E+12
09-06-2021,183183.1719,191577.9219,175872.1406,190365.7813,190365.7813,2.63301E+12
10-06-2021,190575.6719,191219.0469,177801.8438,180451.8906,180451.8906,2.09938E+12
11-06-2021,180549.7344,182196.5938,170400.8438,172370.7188,172370.7188,1.81853E+12
12-06-2021,172442.75,179214.9063,165925.5313,173741.3125,173741.3125,1.88384E+12
13-06-2021,173756.3594,186553.3438,169358.7969,183694.1719,183694.1719,1.98407E+12
14-06-2021,183721.9063,190768.75,180877.75,185725.5313,185725.5313,1.9733E+12
15-06-2021,189375.2031,193186.3125,184506.9844,191503.4844,191503.4844,2.12744E+12
16-06-2021,186657.3281,187401.1563,173808.4063,174791.2188,174791.2188,1.77931E+12
17-06-2021,174764.875,181435.1406,171678.6719,176130.9688,176130.9688,1.62406E+12
18-06-2021,176322.9063,176516.5781,159126.5156,165469.8438,165469.8438,1.68699E+12
19-06-2021,165723.8594,168931.0313,160810.0313,161522.8594,161522.8594,1.39138E+12
20-06-2021,160991.9063,168698.5469,151992.625,166554.7656,166554.7656,1.67091E+12
21-06-2021,166477.1563,167526.25,138424.4219,140000.8906,140000.8906,2.50171E+12
22-06-2021,139868.9531,147790.8125,126951.1563,139369.625,139369.625,2.64231E+12
23-06-2021,139642.7969,151951.7969,135847.8594,147732.2188,147732.2188,2.10926E+12
24-06-2021,146189.4531,150800.4844,140016.0313,147524.6719,147524.6719,1.50405E+12
25-06-2021,147581.0156,149598.7031,133066.3594,134511.4375,134511.4375,1.68949E+12
26-06-2021,134338.3594,137253.4531,127563.5391,135700,135700,1.53097E+12
27-06-2021,135830.4063,146953.4531,134431.5469,146874.5313,146874.5313,1.47591E+12
28-06-2021,147059.4688,158935.5938,145832.3281,154488.7031,154488.7031,1.89537E+12
29-06-2021,154770.3438,166472.5625,154235.2656,160518.8125,160518.8125,1.84346E+12
30-06-2021,160774.9531,169755.0625,155290.2188,169161.4063,169161.4063,1.92087E+12
01-07-2021,169150.2344,169150.2344,155173.3594,157585.1406,157585.1406,2.16677E+12
02-07-2021,157308.3281,160553.2344,151090.9844,160139.4063,160139.4063,2.36825E+12
03-07-2021,160198.5938,166740.125,157722.4375,165807.5625,165807.5625,1.29849E+12
04-07-2021,165840.0469,177640.9375,163180.0625,172926.7656,172926.7656,1.3993E+12
05-07-2021,172941.5625,172941.5625,160741.2188,163394.3438,163394.3438,1.49407E+12
06-07-2021,163345.0625,174870.5,163345.0625,173791.2656,173791.2656,1.56186E+12
07-07-2021,173681.2969,179368.4063,171798.9844,173225.4063,173225.4063,1.67589E+12
08-07-2021,173433.9531,173887.2031,156124.4688,158411.8594,158411.8594,1.73265E+12
09-07-2021,158079.1875,162904.8594,153276.3281,159908.5,159908.5,1.71549E+12
10-07-2021,159931.4063,163143.7656,155083.8438,157279.8125,157279.8125,1.30966E+12
11-07-2021,157240.5,161855.8281,155223.8906,159398.2656,159398.2656,1.0955E+12
12-07-2021,159461.0156,161466.2031,149868.1719,151821.1563,151821.1563,1.32447E+12
13-07-2021,151625.6563,151984.125,143499.2969,144845.4375,144845.4375,1.24096E+12
14-07-2021,144926.3438,150078.6719,139455.2656,148516.5469,148516.5469,1.29151E+12
15-07-2021,148544.9063,151849.8594,140389.1719,142458.1875,142458.1875,1.16938E+12
16-07-2021,142862.3906,146068.875,138254.1094,140336.75,140336.75,1.11087E+12
17-07-2021,140075.4063,143112.25,138484.5938,141711.2188,141711.2188,9.9739E+11
18-07-2021,141813.4063,148391.5469,140466.0313,141401.4375,141401.4375,1.02882E+12
19-07-2021,141215.0469,143344.7969,135485.7344,136285.5313,136285.5313,1.06174E+12
20-07-2021,136419.4219,137763.5625,128952.3047,133218.2344,133218.2344,1.29443E+12
21-07-2021,133126.2344,150756.6094,131170.7969,148208.7813,148208.7813,1.58211E+12
22-07-2021,148495.5156,152193.4688,145520.4375,150783.3125,150783.3125,1.3026E+12
23-07-2021,150776.0781,158534.875,148935.3594,158187.6094,158187.6094,1.2061E+12
24-07-2021,158126.8906,163600.7188,156888.2344,162973.1094,162973.1094,1.19537E+12
25-07-2021,162818.7656,163361.6563,156988.6719,163145.9219,163145.9219,1.08446E+12
26-07-2021,163141.1719,180754.6406,162100.5625,165916.2656,165916.2656,2.20004E+12
27-07-2021,165680.7969,172469.5938,160180.5625,171231.7344,171231.7344,1.71859E+12
28-07-2021,171510.9531,174194.8906,167487.25,170840.5781,170840.5781,1.41277E+12
29-07-2021,171024.0469,177929,169082.5313,176791.4063,176791.4063,1.2113E+12
30-07-2021,176909.3438,183694.9063,172829.7188,183490.875,183490.875,1.50342E+12
31-07-2021,183090.2813,189753.5781,180281.7344,188641.5313,188641.5313,1.33895E+12
01-08-2021,188214.0469,200484.1563,187505.1563,190548.875,190548.875,1.68826E+12
02-08-2021,190245.5938,198232.8125,186794.9531,194018.3438,194018.3438,1.64741E+12
03-08-2021,193963.3125,195557.6719,181903.1875,185710.7656,185710.7656,1.68443E+12
04-08-2021,186170.5313,205128.4844,182850.5,202139.4063,202139.4063,1.85762E+12
05-08-2021,202217.2969,210328.5,188360.0625,209428.2969,209428.2969,2.30055E+12
06-08-2021,209441.2344,218572.6406,202132.4063,214629.4531,214629.4531,1.96954E+12
07-08-2021,214686.2969,235264.3594,212965.9688,234300.2969,234300.2969,2.45499E+12
08-08-2021,234596.6875,237194.2344,219850.7031,224497.9063,224497.9063,2.11807E+12
09-08-2021,224434.8125,237249.4688,215308.1406,235899.0156,235899.0156,2.38168E+12
10-08-2021,235541.125,240263.6719,227723.6406,233854.1406,233854.1406,2.05482E+12
11-08-2021,233938.9375,242746.9844,232394.0156,234471.9844,234471.9844,1.98063E+12
12-08-2021,234466.8438,240064.4688,221718.7188,226005.0313,226005.0313,1.88649E+12
13-08-2021,226419.9063,246747.1563,225579.4844,246564.5938,246564.5938,1.77148E+12
14-08-2021,246605.4844,247089.2344,238572.0156,242351.4063,242351.4063,1.47401E+12
15-08-2021,242413.2031,246406.6875,231393.1406,245695.8281,245695.8281,1.64511E+12
16-08-2021,245615.5313,247439.25,232864.8438,234029.0781,234029.0781,1.71119E+12
17-08-2021,233500.5156,244376.3906,222833.3906,224198.2344,224198.2344,1.89697E+12
18-08-2021,223983.9063,232077.1563,220048,224302.25,224302.25,1.59972E+12
19-08-2021,224230.7344,237008.1563,220355.5625,236887.0781,236887.0781,1.45482E+12
20-08-2021,236846.9219,245258.2656,236544.8125,244224.875,244224.875,1.55184E+12
21-08-2021,244224.6094,245741.8438,238501.7188,239706.75,239706.75,1.34592E+12
22-08-2021,239717.4063,243172.9063,233459.6094,240894.8438,240894.8438,1.18759E+12
23-08-2021,240838.5156,250077.8906,240590.4063,245977.3906,245977.3906,1.52E+12
24-08-2021,246392.25,249008.0938,233883.4844,235221.9531,235221.9531,1.49262E+12
25-08-2021,235356.4063,240764.9844,229068.5781,238974.4063,238974.4063,1.40074E+12
26-08-2021,239258.3906,240946.4688,226896.8125,229908.7969,229908.7969,1.29074E+12
27-08-2021,229618.1406,241204.7813,227251.6406,240378.6875,240378.6875,1.35893E+12
28-08-2021,240709.7031,241425.6719,236468.8594,238453.25,238453.25,1.00761E+12
29-08-2021,238627.2813,241307.3125,232164.6563,237174.5469,237174.5469,9.77257E+11
30-08-2021,237188.5,245339.5469,231651.6563,236705.9688,236705.9688,1.41735E+12
31-08-2021,236954.375,252852.7813,234596.125,250652,250652,1.99139E+12
01-09-2021,250435.1563,280035.0938,247299.4375,279886.25,279886.25,2.19473E+12
02-09-2021,279170.9688,279758.375,272371.4063,276949.0625,276949.0625,1.78161E+12
03-09-2021,276693.125,293580.7188,271266.8438,287643.7813,287643.7813,1.91303E+12
04-09-2021,287446.375,289748.5313,280148.4375,283790.6875,283790.6875,1.5188E+12
05-09-2021,283681.375,290461,280189.0313,288485,288485,1.34102E+12
06-09-2021,288440.2813,290128.2813,282760.25,287204.7813,287204.7813,1.36531E+12
07-09-2021,287069.375,288401.0938,224899.5625,251465.2969,251465.2969,2.87187E+12
08-09-2021,251610.8906,262706.75,237417.6719,258144.7031,258144.7031,2.34268E+12
09-09-2021,254840.3594,262145.4063,250306.7656,252018.8281,252018.8281,1.77345E+12
10-09-2021,251888.2969,258442.6875,232126.2344,236129.5,236129.5,1.64375E+12
11-09-2021,235947.5,246057.0313,235942.4531,240450.7969,240450.7969,1.36958E+12
12-09-2021,240451.7969,254581.7813,237864.9844,250728.6094,250728.6094,1.23598E+12
13-09-2021,250532.8438,251932.0469,229732.5156,241622.9375,241622.9375,1.67099E+12
14-09-2021,241682.1094,252537.4219,240749.2031,252537.4219,252537.4219,1.40847E+12
15-09-2021,252688.2188,265651.5,247975.2344,265651.5,265651.5,1.28947E+12
16-09-2021,265489.1875,269891,256776.25,262722.8438,262722.8438,1.47821E+12
17-09-2021,262595.8125,263998.7813,247369.5313,250468.0625,250468.0625,1.30612E+12
18-09-2021,250385.8125,260953.0938,248504.25,252935.4531,252935.4531,1.17883E+12
19-09-2021,253029.0313,254137.0313,242180.75,245368.1406,245368.1406,1.05073E+12
20-09-2021,245384.5625,246391.2188,216736.6563,217957.2656,217957.2656,2.01618E+12
21-09-2021,219306.4688,228497.5781,197510.5781,204002.1563,204002.1563,2.24375E+12
22-09-2021,203911.9844,227752.5156,202226.3594,227377.9375,227377.9375,1.75395E+12
23-09-2021,227385.7969,234382.3125,224437.8125,233004.375,233004.375,1.36725E+12
24-09-2021,232933.3594,233308.6094,202705.4375,216395.5938,216395.5938,1.88928E+12
25-09-2021,216337.7031,219150.6875,208076.9375,215945.0625,215945.0625,1.39749E+12
26-09-2021,216002.4531,230353.9531,202586.1719,226035.4219,226035.4219,1.56283E+12
27-09-2021,226299.125,233236.4531,216507.6719,216614.4219,216614.4219,1.4148E+12
28-09-2021,216232.3281,219244.3438,207165.5156,208199.0781,208199.0781,1.253E+12
29-09-2021,208347.4688,218441.6094,207229.3281,212052.9063,212052.9063,1.17158E+12
30-09-2021,212009.4688,226146.0313,211097.5781,222888.625,222888.625,1.31142E+12
01-10-2021,222847.8125,246909.4688,221303.5938,245259.7656,245259.7656,1.65416E+12
02-10-2021,245360.1875,256925.4844,241738.375,251501.7656,251501.7656,1.42392E+12
03-10-2021,251433.0313,258391.3594,248270.6406,253479.375,253479.375,1.15059E+12
04-10-2021,253510.3281,256044.1406,244305.1563,252063.5156,252063.5156,1.32346E+12
05-10-2021,252189.9375,264061.0938,250835.8906,262352.9063,262352.9063,1.24018E+12
06-10-2021,262207.625,271127.625,251238.0313,267710.25,267710.25,1.63406E+12
07-10-2021,267430.0625,273135.25,260184.2969,268489.375,268489.375,1.42854E+12
08-10-2021,268478.75,274999.625,266759.5938,268372.4375,268372.4375,1.22162E+12
09-10-2021,268089.1875,272594.875,266932.6875,268648.9375,268648.9375,9.54699E+11
10-10-2021,268596.625,270717.1563,257167.9844,257987.4531,257987.4531,1.21783E+12
11-10-2021,257526.125,272810.9375,254968.7031,267329.8438,267329.8438,1.40092E+12
12-10-2021,267414.5625,267414.5625,257318.9063,263633.9063,263633.9063,1.36699E+12
13-10-2021,263647.5313,271686.5938,257703.1094,271570.625,271570.625,1.22082E+12
14-10-2021,271477.0313,286432.1563,270371.25,283933.0938,283933.0938,1.45817E+12
15-10-2021,284243.5938,292272.7813,280144.0625,289459.0938,289459.0938,1.57122E+12
16-10-2021,289686.2813,296939.3125,285206.4375,287042.125,287042.125,1.24233E+12
17-10-2021,287002.9063,293375.625,274328.2188,288556.5,288556.5,1.1932E+12
18-10-2021,288603.4063,291641.5,277852.3125,282040.7813,282040.7813,1.30806E+12
19-10-2021,281920.5938,291761.6875,281148.7813,291290.4688,291290.4688,1.20183E+12
20-10-2021,291296.4688,311765.9063,287844.6563,310899.1563,310899.1563,1.52146E+12
21-10-2021,311327.1563,326806.0938,301802.375,303533.9688,303533.9688,2.11279E+12
22-10-2021,303636.0625,311505.0625,292925.5938,297739.2188,297739.2188,1.45735E+12
23-10-2021,297827.3125,312872.625,295823.125,312872.625,312872.625,1.10861E+12
24-10-2021,312887.0938,313927.5625,297499.7188,306568.0313,306568.0313,1.12327E+12
25-10-2021,306307.25,317880.6875,305378.3125,316721.8438,316721.8438,1.20112E+12
26-10-2021,316681.375,321577.8438,307556.9063,309375.125,309375.125,1.28493E+12
27-10-2021,309455.375,322120.5,294918.4375,294918.4375,294918.4375,1.96746E+12
28-10-2021,294510.125,321151.5,293232.4063,320680.9063,320680.9063,1.94161E+12
29-10-2021,320783.2188,334064.5,319464.1563,330790.5625,330790.5625,1.72093E+12
30-10-2021,330752.875,331697.3438,318633.2188,324114.7188,324114.7188,1.09512E+12
31-10-2021,323896.9688,329269.75,313127.625,321295.4375,321295.4375,1.3111E+12
01-11-2021,321306.125,327721.3125,312107.875,323612.5,323612.5,1.34584E+12
02-11-2021,323453.4375,343673,320921.4063,342541.9688,342541.9688,1.55361E+12
03-11-2021,342907,347036.1875,332487.25,342939.9063,342939.9063,1.57956E+12
04-11-2021,342752.7188,342889.5,329891.1563,337932.3438,337932.3438,1.37154E+12
05-11-2021,337939.75,339715.8438,329956.4063,332839.5625,332839.5625,1.11925E+12
06-11-2021,332572.8125,336159.875,321616.6875,335461.3125,335461.3125,1.07051E+12
07-11-2021,335639.4375,344315.3438,334675.125,342810.8438,342810.8438,1.00467E+12
08-11-2021,342743.7188,356462.5938,342743.7188,355703.5313,355703.5313,1.42596E+12
09-11-2021,355554.5,357294.6875,349691.875,351223.5,351223.5,1.54537E+12
10-11-2021,351096.9688,361243.5,333675.9375,344955.25,344955.25,1.69258E+12
11-11-2021,344901.625,355141.375,340850.1563,351576.0938,351576.0938,1.33285E+12
12-11-2021,351124.4063,357409.5,335534.6563,346987.2188,346987.2188,1.36175E+12
13-11-2021,346957.75,349589.3438,340717.4375,345868.875,345868.875,1.07501E+12
14-11-2021,345658.5938,348722.875,335866.0313,343963.0313,343963.0313,9.05042E+11
15-11-2021,344017.4375,354561.375,338342.1563,339218.4375,339218.4375,1.21142E+12
16-11-2021,340184.0938,364228.4688,308245.2813,313945.7188,313945.7188,2.04148E+12
17-11-2021,313762.9688,319351.3438,305084.6875,318396.0938,318396.0938,1.64734E+12
18-11-2021,318411.5938,322437.5,293678.2813,296752.125,296752.125,1.58612E+12
19-11-2021,296387.0938,320594.6563,295437.0313,319410.8125,319410.8125,1.53276E+12
20-11-2021,319414.0938,329523.1563,312792.4063,327705.7188,327705.7188,1.14797E+12
21-11-2021,327873.9688,328639.0938,316266.5313,317327.6563,317327.6563,1.04753E+12
22-11-2021,317088.0938,319725.9375,300281.5,304304.125,304304.125,1.47016E+12
23-11-2021,304395.125,326623.9688,302913.3438,323157.9688,323157.9688,1.64778E+12
24-11-2021,323103.8125,325847.2188,310984.6875,316408.8438,316408.8438,1.62966E+12
25-11-2021,318753.0625,339044.2813,317139.625,318498.5625,318498.5625,1.39368E+12
26-11-2021,336936.5,339070.2188,294633.4063,302531.8125,302531.8125,1.97253E+12
27-11-2021,303439.2188,314298.25,302727.3125,307485.5313,307485.5313,1.23955E+12
28-11-2021,307841.0625,322560.5313,299459.2188,322300.6563,322300.6563,1.19729E+12
29-11-2021,322487.7813,334812.3438,321734.1563,333628.0313,333628.0313,1.43254E+12
30-11-2021,333827.875,356469.5313,327454.8438,347597.8125,347597.8125,2.14844E+12
01-12-2021,347012.4688,358507.4063,339847.6563,344107.5313,344107.5313,2.07311E+12
02-12-2021,344058.25,346868.0938,333049.9688,338262.6563,338262.6563,1.6123E+12
03-12-2021,338491.5938,349241.1563,308571.4063,317896.625,317896.625,1.94921E+12
04-12-2021,318428.0938,319555.125,265534.4063,309906.25,309906.25,2.89468E+12
05-12-2021,309909.375,319485.4375,303935.4688,315909.9375,315909.9375,1.92128E+12
06-12-2021,315960.9063,329890.4375,296508.5938,328612,328612,2.12827E+12
07-12-2021,328600.6563,334004.1563,321589.0313,325393.8125,325393.8125,1.68661E+12
08-12-2021,325138.375,335955.0313,319698.9375,334654.5313,334654.5313,1.41E+12
09-12-2021,334177.1563,337894.5313,308562.7188,311454.5313,311454.5313,1.68557E+12
10-12-2021,310983.75,319647.8125,295421.7188,296234.875,296234.875,2.1233E+12
11-12-2021,296323.6875,310112.2813,291502.25,309264.5313,309264.5313,1.44859E+12
12-12-2021,309291.7188,316015.25,302344.25,313099.8125,313099.8125,1.06457E+12
13-12-2021,313244.1875,313921.375,279063.7813,286947.125,286947.125,1.81984E+12
14-12-2021,286840.6563,294047.25,280897.3438,284831.1875,284831.1875,1.81272E+12
15-12-2021,293714.375,311815.8125,279921.4063,306248,306248,2.01284E+12
16-12-2021,306402.4375,313384.7813,301323.9688,301812.4063,301812.4063,1.51007E+12
17-12-2021,301549.0938,304133.9688,282232.875,295044.6563,295044.6563,1.76012E+12
18-12-2021,295105.875,303736.75,287068.9063,301229.3438,301229.3438,1.48535E+12
19-12-2021,301230.2813,305625,296174.8438,298208.4063,298208.4063,1.22913E+12
20-12-2021,298292.25,302697.0625,285019.7188,298023.9375,298023.9375,1.63561E+12
21-12-2021,298373.9063,306727.1563,296969.5313,304280,304280,1.24039E+12
22-12-2021,304161.625,308337.3438,298220.375,300508.1563,300508.1563,1.0506E+12
23-12-2021,300497.75,311311.8438,293279.1563,308378.875,308378.875,1.35176E+12
24-12-2021,308628.8125,310512.9688,302645,304066.0625,304066.0625,9.59156E+11
25-12-2021,304201.1875,310870.1875,302559.5625,307468.6563,307468.6563,8.18367E+11
26-12-2021,307534.0625,308350.75,301440.2813,306656.1875,306656.1875,8.44216E+11
27-12-2021,306461.5313,309217.6563,302433.4375,302737.5,302737.5,8.56605E+11
28-12-2021,302736.7813,302736.7813,281464.4063,284074.3438,284074.3438,1.29294E+12
29-12-2021,283816,286147.9375,269408.2188,270581.6563,270581.6563,1.17244E+12
30-12-2021,270856.6875,280621.0313,268096.4375,276434.8438,276434.8438,9.6208E+11
31-12-2021,276403.4063,282262.875,270974.0625,274415.25,274415.25,1.05494E+12
01-01-2022,274446.125,280919.375,274389.4688,280902.9375,280902.9375,7.28483E+11
02-01-2022,280873.2188,285855.625,277747.9688,285342.9688,285342.9688,7.36274E+11
03-01-2022,285340.7813,285843.0938,275129.3438,279860.0938,279860.0938,8.98853E+11
04-01-2022,279858.6875,289102.3125,277278.0938,282790.625,282790.625,1.0458E+12
05-01-2022,282806.4688,285705.1563,257282.1406,264259.75,264259.75,1.34433E+12
06-01-2022,264209.3125,264209.3125,248490.5469,254392.6719,254392.6719,1.80791E+12
07-01-2022,254350.2188,254545.5,231607.25,237034.5625,237034.5625,1.81822E+12
08-01-2022,237056.25,240681.6875,224255.5469,229533.0469,229533.0469,1.19056E+12
09-01-2022,229512.5469,238056.5938,228340.7344,234481.5313,234481.5313,9.15922E+11
10-01-2022,234468.0938,235515.7031,218432.9375,228323.5938,228323.5938,1.44675E+12
11-01-2022,228315.6719,239717.9688,226734.5938,239022.9531,239022.9531,1.12284E+12
12-01-2022,239047.9375,250931.75,237935.9531,248870.4688,248870.4688,1.22971E+12
13-01-2022,248859.1563,250849.2031,240135.2656,240283.875,240283.875,1.13137E+12
14-01-2022,240310.5313,247252.2656,237478.4844,245457.2969,245457.2969,1.00578E+12
15-01-2022,245445.6406,249501.5,243133.9375,246979.6719,246979.6719,7.13383E+11
16-01-2022,246969.0156,250381.25,244090.0156,248909.25,248909.25,7.06109E+11
17-01-2022,248911.125,249273.0313,234463.8281,238531.8125,238531.8125,9.16635E+11
18-01-2022,238530.5313,240282.2813,230958.8906,236099.375,236099.375,9.71862E+11
19-01-2022,236086.3281,236665.9219,227941.4063,230488.6875,230488.6875,9.81823E+11
20-01-2022,230447.4375,242683.125,223395.8281,223411.6094,223411.6094,7.92512E+11
21-01-2022,223548.3438,225492.5313,185813.9531,190362.4219,190362.4219,1.99419E+12
22-01-2022,190601.5938,194627.875,173418.0469,178994.6563,178994.6563,2.03686E+12
23-01-2022,179124.3906,189187.5625,177233.4375,188652.125,188652.125,1.22652E+12
24-01-2022,188715.5313,188813.5781,162161.2031,182160.2188,182160.2188,2.10654E+12
25-01-2022,182163.2969,186741.4063,176289.0938,183620.9219,183620.9219,1.2097E+12
26-01-2022,183594.3125,202524.8125,181406.1406,185181.375,185181.375,1.59292E+12
27-01-2022,185118.2031,188686.3125,175200.4375,182232.8281,182232.8281,1.21287E+12
28-01-2022,182130.9688,191162.3438,177779.3125,191035.8438,191035.8438,1.09999E+12
29-01-2022,190998.2344,197074.7813,189528.1406,194785.375,194785.375,8.37922E+11
30-01-2022,194896.4063,197477.9844,191403.1719,195381,195381,7.13033E+11
31-01-2022,195365.75,201131.9375,186560.9531,200427.4844,200427.4844,1.02725E+12
01-02-2022,200399.1563,209631.25,200005.4219,208698.9219,208698.9219,9.86259E+11
02-02-2022,208687.0781,209470.9375,196735.625,200737.9688,200737.9688,1.03826E+12
04-02-2022,200643.6094,213232.0313,199865.9375,210606.1719,210606.1719,1.18706E+12
